job_id,dataset,model,reciprocal,job,job_type,split,epoch,avg_loss,avg_penalty,avg_cost,metric_name,metric,child_folder,child_job_id,folder,epoch_time,num_parameters,train_batch_size,train_optimizer,train_lr,train_lr_scheduler_patience,num_negs_o,num_negs_s,emb_e_dim,emb_regularize,emb_struct_regularize_weight,emb_struct_dropout,emb_r_regularize_weight,emb_r_dropout,tcnn_freeze_word_embeddings,tcnn_dim_feature_map,tcnn_kernel_size_conv,tcnn_kernel_size_max_pool,tcnn_activation,tcnn_regularize,tcnn_regularize_weight,tcnn_dropout,numeric_feature_normalization,numeric_feature_num_layers,numeric_feature_activation,numeric_feature_regularize,numeric_featue_regularize_weight,numeric_feature_dropout,numeric_mlp_normalization,numeric_mlp_num_layers,numeric_mlp_activation,numeric_mlp_regularize,numeric_mlp_regularize_weight,numeric_mlp_dropout,emb_e_regularize,emb_e_regularize_weight,emb_e_dropout,text_weight,numeric_weight,fwt_hits@1,fwt_hits@3,fwt_hits@10,fwt_mrr
1e388a34,yago3-10,complex,0,search,negative_sampling,valid,125,,,,mean_reciprocal_rank_filtered_with_test,0.44012763671875,00001,127dcb9f,/work-ceph/nluedema/kge/local/experiments/yago3-10/20210207-183039-yago3-10-complex-best,16.329137086868286,31544064,4096,Adagrad,0.15203864479239684,2,271,206,256,,,,5.108084981034558e-18,0.19046023581176996,,,,,,,,,,,,,,,,,,,,,,2.6677778684473284e-13,0.2743638604879379,,,0.34619998931884766,0.4843999743461609,0.6256999969482422,0.44012763671875
1e388a34,yago3-10,complex,0,search,negative_sampling,valid,125,,,,mean_reciprocal_rank_filtered_with_test,0.437780126953125,00000,ba220083,/work-ceph/nluedema/kge/local/experiments/yago3-10/20210207-183039-yago3-10-complex-best,13.594702005386353,31544064,4096,Adagrad,0.15203864479239684,2,271,206,256,,,,5.108084981034558e-18,0.19046023581176996,,,,,,,,,,,,,,,,,,,,,,2.6677778684473284e-13,0.2743638604879379,,,0.3432999849319458,0.4837999939918518,0.6240999698638916,0.437780126953125
1e388a34,yago3-10,complex,0,search,negative_sampling,valid,110,,,,mean_reciprocal_rank_filtered_with_test,0.438601123046875,00002,e78c24fc,/work-ceph/nluedema/kge/local/experiments/yago3-10/20210207-183039-yago3-10-complex-best,14.286348819732666,31544064,4096,Adagrad,0.15203864479239684,2,271,206,256,,,,5.108084981034558e-18,0.19046023581176996,,,,,,,,,,,,,,,,,,,,,,2.6677778684473284e-13,0.2743638604879379,,,0.3446999788284302,0.48429998755455017,0.6225000023841858,0.438601123046875
1e388a34,yago3-10,complex,0,search,negative_sampling,valid,220,,,,mean_reciprocal_rank_filtered_with_test,0.441287353515625,00003,9f0ef620,/work-ceph/nluedema/kge/local/experiments/yago3-10/20210207-183039-yago3-10-complex-best,15.665825605392456,31544064,4096,Adagrad,0.15203864479239684,2,271,206,256,,,,5.108084981034558e-18,0.19046023581176996,,,,,,,,,,,,,,,,,,,,,,2.6677778684473284e-13,0.2743638604879379,,,0.3450999855995178,0.48979997634887695,0.6294999718666077,0.441287353515625
1e388a34,yago3-10,complex,0,search,negative_sampling,valid,110,,,,mean_reciprocal_rank_filtered_with_test,0.437840380859375,00004,c2c9ffb4,/work-ceph/nluedema/kge/local/experiments/yago3-10/20210207-183039-yago3-10-complex-best,9.059420585632324,31544064,4096,Adagrad,0.15203864479239684,2,271,206,256,,,,5.108084981034558e-18,0.19046023581176996,,,,,,,,,,,,,,,,,,,,,,2.6677778684473284e-13,0.2743638604879379,,,0.3441999852657318,0.4838999807834625,0.6250999569892883,0.437840380859375
91ab1141,yago3-10-text,complex,0,search,negative_sampling,valid,100,,,,mean_reciprocal_rank_filtered_with_test,0.431512109375,00001,56e5e585,/work-ceph/nluedema/kge-mkbe/local/experiments/yago3-10/20210209-184730-yago3-10-mkbe-text-best,38.66557002067566,44209796,2048,Adagrad,0.033898902785221466,4,53,300,256,,8.617078381014045e-05,-0.4445490939542651,0.04110936195398258,-0.19217947218567133,1,40,2,6,relu,,0.0019924987735744225,0.48001936823129654,,,,,,,,,,,,,,,0.0,0.20251308009028435,,0.3400000035762787,0.4732999801635742,0.6175999641418457,0.431512109375
91ab1141,yago3-10-text,complex,0,search,negative_sampling,valid,175,,,,mean_reciprocal_rank_filtered_with_test,0.4415857421875,00000,094b6fdc,/work-ceph/nluedema/kge-mkbe/local/experiments/yago3-10/20210209-184730-yago3-10-mkbe-text-best,67.19096660614014,44209796,2048,Adagrad,0.033898902785221466,4,53,300,256,,8.617078381014045e-05,-0.4445490939542651,0.04110936195398258,-0.19217947218567133,1,40,2,6,relu,,0.0019924987735744225,0.48001936823129654,,,,,,,,,,,,,,,0.0,0.20251308009028435,,0.3495999872684479,0.484499990940094,0.6255999803543091,0.4415857421875
91ab1141,yago3-10-text,complex,0,search,negative_sampling,valid,300,,,,mean_reciprocal_rank_filtered_with_test,0.472583544921875,00002,2d39457b,/work-ceph/nluedema/kge-mkbe/local/experiments/yago3-10/20210209-184730-yago3-10-mkbe-text-best,46.4161913394928,44209796,2048,Adagrad,0.033898902785221466,4,53,300,256,,8.617078381014045e-05,-0.4445490939542651,0.04110936195398258,-0.19217947218567133,1,40,2,6,relu,,0.0019924987735744225,0.48001936823129654,,,,,,,,,,,,,,,0.0,0.20251308009028435,,0.38009998202323914,0.5295999646186829,0.6468999981880188,0.472583544921875
91ab1141,yago3-10-text,complex,0,search,negative_sampling,valid,300,,,,mean_reciprocal_rank_filtered_with_test,0.47199208984375,00003,b0e909db,/work-ceph/nluedema/kge-mkbe/local/experiments/yago3-10/20210209-184730-yago3-10-mkbe-text-best,49.30244040489197,44209796,2048,Adagrad,0.033898902785221466,4,53,300,256,,8.617078381014045e-05,-0.4445490939542651,0.04110936195398258,-0.19217947218567133,1,40,2,6,relu,,0.0019924987735744225,0.48001936823129654,,,,,,,,,,,,,,,0.0,0.20251308009028435,,0.3797000050544739,0.526699960231781,0.6470999717712402,0.47199208984375
91ab1141,yago3-10-text,complex,0,search,negative_sampling,valid,300,,,,mean_reciprocal_rank_filtered_with_test,0.468418408203125,00004,89063789,/work-ceph/nluedema/kge-mkbe/local/experiments/yago3-10/20210209-184730-yago3-10-mkbe-text-best,44.905951738357544,44209796,2048,Adagrad,0.033898902785221466,4,53,300,256,,8.617078381014045e-05,-0.4445490939542651,0.04110936195398258,-0.19217947218567133,1,40,2,6,relu,,0.0019924987735744225,0.48001936823129654,,,,,,,,,,,,,,,0.0,0.20251308009028435,,0.374099999666214,0.5224999785423279,0.6517999768257141,0.468418408203125
521138df,yago3-10,complex,0,search,negative_sampling,valid,300,,,,mean_reciprocal_rank_filtered_with_test,0.3694204345703125,00001,ddfe9154,/work-ceph/nluedema/kge/local/experiments/yago3-10/20210212-165604-yago3-10-literale-text-best,24.569028854370117,44500716,4096,Adagrad,0.11839446651250461,0,36,227,256,lp,1.2309300088570125e-17,-0.4534080298617482,8.939008996824718e-17,-0.27208285592496395,1,80,2,4,relu,lp,1.955680913822461e-12,-0.4940166799351573,,,,,,,,,,,,,,5.024150724220539e-15,0.17982566636055708,,,0.26179999113082886,0.423799991607666,0.5778999924659729,0.3694204345703125
521138df,yago3-10,complex,0,search,negative_sampling,valid,290,,,,mean_reciprocal_rank_filtered_with_test,0.48426591796875,00000,463547d2,/work-ceph/nluedema/kge/local/experiments/yago3-10/20210212-165604-yago3-10-literale-text-best,77.46980428695679,44500716,4096,Adagrad,0.11839446651250461,0,36,227,256,lp,1.2309300088570125e-17,-0.4534080298617482,8.939008996824718e-17,-0.27208285592496395,1,80,2,4,relu,lp,1.955680913822461e-12,-0.4940166799351573,,,,,,,,,,,,,,5.024150724220539e-15,0.17982566636055708,,,0.38979998230934143,0.5468999743461609,0.6495000123977661,0.48426591796875
521138df,yago3-10,complex,0,search,negative_sampling,valid,300,,,,mean_reciprocal_rank_filtered_with_test,0.4760939453125,00002,707bf02e,/work-ceph/nluedema/kge/local/experiments/yago3-10/20210212-165604-yago3-10-literale-text-best,31.834206581115723,44500716,4096,Adagrad,0.11839446651250461,0,36,227,256,lp,1.2309300088570125e-17,-0.4534080298617482,8.939008996824718e-17,-0.27208285592496395,1,80,2,4,relu,lp,1.955680913822461e-12,-0.4940166799351573,,,,,,,,,,,,,,5.024150724220539e-15,0.17982566636055708,,,0.3774999976158142,0.5412999987602234,0.6473000049591064,0.4760939453125
521138df,yago3-10,complex,0,search,negative_sampling,valid,300,,,,mean_reciprocal_rank_filtered_with_test,0.475279150390625,00003,acd3e83d,/work-ceph/nluedema/kge/local/experiments/yago3-10/20210212-165604-yago3-10-literale-text-best,80.27480244636536,44500716,4096,Adagrad,0.11839446651250461,0,36,227,256,lp,1.2309300088570125e-17,-0.4534080298617482,8.939008996824718e-17,-0.27208285592496395,1,80,2,4,relu,lp,1.955680913822461e-12,-0.4940166799351573,,,,,,,,,,,,,,5.024150724220539e-15,0.17982566636055708,,,0.3790999948978424,0.5379999876022339,0.6448999643325806,0.475279150390625
521138df,yago3-10,complex,0,search,negative_sampling,valid,300,,,,mean_reciprocal_rank_filtered_with_test,0.48504013671875,00004,27c9bc85,/work-ceph/nluedema/kge/local/experiments/yago3-10/20210212-165604-yago3-10-literale-text-best,16.856420278549194,44500716,4096,Adagrad,0.11839446651250461,0,36,227,256,lp,1.2309300088570125e-17,-0.4534080298617482,8.939008996824718e-17,-0.27208285592496395,1,80,2,4,relu,lp,1.955680913822461e-12,-0.4940166799351573,,,,,,,,,,,,,,5.024150724220539e-15,0.17982566636055708,,,0.3904999792575836,0.545799970626831,0.6500999927520752,0.48504013671875
daa504ce,yago3-10,dkrl_model,0,search,negative_sampling,valid,290,,,,mean_reciprocal_rank_filtered_with_test,0.437329833984375,00000,5996b9d2,/work-ceph/nluedema/kge/local/experiments/yago3-10/20210218-140443-yago3-10-dkrl-text-numeric-best,56.85020732879639,44291128,2048,Adam,0.0003968598934083863,4,264,293,256,,4.2312496949793795e-19,0.40777143370360136,4.8829174393911656e-17,0.2452882369980216,1,60,2,8,relu,lp,3.309103654801019e-09,-0.40266102366149426,z-score,2,relu,lp,6.798605693908537e-19,0.18749986495822668,,,,,,,,,0.0,0.6009062826633453,0.7835092339664698,0.33789998292922974,0.4908999800682068,0.6243000030517578,0.437329833984375
daa504ce,yago3-10,dkrl_model,0,search,negative_sampling,valid,300,,,,mean_reciprocal_rank_filtered_with_test,0.4408748046875,00001,3bc9f4b5,/work-ceph/nluedema/kge/local/experiments/yago3-10/20210218-140443-yago3-10-dkrl-text-numeric-best,17.63883924484253,44291128,2048,Adam,0.0003968598934083863,4,264,293,256,,4.2312496949793795e-19,0.40777143370360136,4.8829174393911656e-17,0.2452882369980216,1,60,2,8,relu,lp,3.309103654801019e-09,-0.40266102366149426,z-score,2,relu,lp,6.798605693908537e-19,0.18749986495822668,,,,,,,,,0.0,0.6009062826633453,0.7835092339664698,0.3431999981403351,0.4941999912261963,0.6244999766349792,0.4408748046875
daa504ce,yago3-10,dkrl_model,0,search,negative_sampling,valid,300,,,,mean_reciprocal_rank_filtered_with_test,0.44932470703125,00002,94e39214,/work-ceph/nluedema/kge/local/experiments/yago3-10/20210218-140443-yago3-10-dkrl-text-numeric-best,59.71822142601013,44291128,2048,Adam,0.0003968598934083863,4,264,293,256,,4.2312496949793795e-19,0.40777143370360136,4.8829174393911656e-17,0.2452882369980216,1,60,2,8,relu,lp,3.309103654801019e-09,-0.40266102366149426,z-score,2,relu,lp,6.798605693908537e-19,0.18749986495822668,,,,,,,,,0.0,0.6009062826633453,0.7835092339664698,0.35019999742507935,0.5047000050544739,0.6366999745368958,0.44932470703125
daa504ce,yago3-10,dkrl_model,0,search,negative_sampling,valid,300,,,,mean_reciprocal_rank_filtered_with_test,0.450034375,00003,49b0633a,/work-ceph/nluedema/kge/local/experiments/yago3-10/20210218-140443-yago3-10-dkrl-text-numeric-best,17.981915712356567,44291128,2048,Adam,0.0003968598934083863,4,264,293,256,,4.2312496949793795e-19,0.40777143370360136,4.8829174393911656e-17,0.2452882369980216,1,60,2,8,relu,lp,3.309103654801019e-09,-0.40266102366149426,z-score,2,relu,lp,6.798605693908537e-19,0.18749986495822668,,,,,,,,,0.0,0.6009062826633453,0.7835092339664698,0.3536999821662903,0.500499963760376,0.6371999979019165,0.450034375
daa504ce,yago3-10,dkrl_model,0,search,negative_sampling,valid,300,,,,mean_reciprocal_rank_filtered_with_test,0.441111376953125,00004,ec6f0460,/work-ceph/nluedema/kge/local/experiments/yago3-10/20210218-140443-yago3-10-dkrl-text-numeric-best,61.648913860321045,44291128,2048,Adam,0.0003968598934083863,4,264,293,256,,4.2312496949793795e-19,0.40777143370360136,4.8829174393911656e-17,0.2452882369980216,1,60,2,8,relu,lp,3.309103654801019e-09,-0.40266102366149426,z-score,2,relu,lp,6.798605693908537e-19,0.18749986495822668,,,,,,,,,0.0,0.6009062826633453,0.7835092339664698,0.3402999937534332,0.49629998207092285,0.6337000131607056,0.441111376953125
13ee61af,yago3-10-text-numeric,complex,0,search,negative_sampling,valid,295,,,,mean_reciprocal_rank_filtered_with_test,0.405327734375,00001,42d85be5,/work-ceph/nluedema/kge-mkbe/local/experiments/yago3-10/20210218-223351-yago3-10-mkbe-text-numeric-best,75.04867672920227,44291640,2048,Adam,0.0003968598934083863,4,264,293,256,,4.2312496949793795e-19,0.40777143370360136,4.8829174393911656e-17,0.2452882369980216,1,60,2,8,relu,lp,3.309103654801019e-09,-0.40266102366149426,,,,,,,z-score,2,relu,lp,6.798605693908537e-19,0.18749986495822668,,,0.0,1.2018125653266907,1.5670184679329395,0.30069997906684875,0.45749998092651367,0.6078000068664551,0.405327734375
13ee61af,yago3-10-text-numeric,complex,0,search,negative_sampling,valid,295,,,,mean_reciprocal_rank_filtered_with_test,0.401892822265625,00000,0f282e65,/work-ceph/nluedema/kge-mkbe/local/experiments/yago3-10/20210218-223351-yago3-10-mkbe-text-numeric-best,75.5942690372467,44291640,2048,Adam,0.0003968598934083863,4,264,293,256,,4.2312496949793795e-19,0.40777143370360136,4.8829174393911656e-17,0.2452882369980216,1,60,2,8,relu,lp,3.309103654801019e-09,-0.40266102366149426,,,,,,,z-score,2,relu,lp,6.798605693908537e-19,0.18749986495822668,,,0.0,1.2018125653266907,1.5670184679329395,0.29670000076293945,0.4545999765396118,0.6040999889373779,0.401892822265625
13ee61af,yago3-10-text-numeric,complex,0,search,negative_sampling,valid,300,,,,mean_reciprocal_rank_filtered_with_test,0.3978833251953125,00002,b661f6b3,/work-ceph/nluedema/kge-mkbe/local/experiments/yago3-10/20210218-223351-yago3-10-mkbe-text-numeric-best,11.6786048412323,44291640,2048,Adam,0.0003968598934083863,4,264,293,256,,4.2312496949793795e-19,0.40777143370360136,4.8829174393911656e-17,0.2452882369980216,1,60,2,8,relu,lp,3.309103654801019e-09,-0.40266102366149426,,,,,,,z-score,2,relu,lp,6.798605693908537e-19,0.18749986495822668,,,0.0,1.2018125653266907,1.5670184679329395,0.28700000047683716,0.4560000002384186,0.6056999564170837,0.3978833251953125
13ee61af,yago3-10-text-numeric,complex,0,search,negative_sampling,valid,295,,,,mean_reciprocal_rank_filtered_with_test,0.4056633544921875,00003,ed80cb01,/work-ceph/nluedema/kge-mkbe/local/experiments/yago3-10/20210218-223351-yago3-10-mkbe-text-numeric-best,19.845857620239258,44291640,2048,Adam,0.0003968598934083863,4,264,293,256,,4.2312496949793795e-19,0.40777143370360136,4.8829174393911656e-17,0.2452882369980216,1,60,2,8,relu,lp,3.309103654801019e-09,-0.40266102366149426,,,,,,,z-score,2,relu,lp,6.798605693908537e-19,0.18749986495822668,,,0.0,1.2018125653266907,1.5670184679329395,0.30079999566078186,0.45889997482299805,0.6085999608039856,0.4056633544921875
13ee61af,yago3-10-text-numeric,complex,0,search,negative_sampling,valid,300,,,,mean_reciprocal_rank_filtered_with_test,0.403761572265625,00004,5546fc2c,/work-ceph/nluedema/kge-mkbe/local/experiments/yago3-10/20210218-223351-yago3-10-mkbe-text-numeric-best,8.709234952926636,44291640,2048,Adam,0.0003968598934083863,4,264,293,256,,4.2312496949793795e-19,0.40777143370360136,4.8829174393911656e-17,0.2452882369980216,1,60,2,8,relu,lp,3.309103654801019e-09,-0.40266102366149426,,,,,,,z-score,2,relu,lp,6.798605693908537e-19,0.18749986495822668,,,0.0,1.2018125653266907,1.5670184679329395,0.29760000109672546,0.45509999990463257,0.6089999675750732,0.403761572265625
531b70f1,yago3-10,complex,0,search,negative_sampling,valid,300,,,,mean_reciprocal_rank_filtered_with_test,0.4784748046875,00000,d7427f7e,/work-ceph/nluedema/kge/local/experiments/yago3-10/20210220-140228-yago3-10-literale-text-numeric-best,77.42865824699402,44503276,4096,Adagrad,0.11839446651250461,0,36,227,256,lp,1.2309300088570125e-17,-0.4534080298617482,8.939008996824718e-17,-0.27208285592496395,1,80,2,4,relu,lp,1.955680913822461e-12,-0.4940166799351573,z-score,0,tanh,lp,0.0,0.0,,,,,,,,5.024150724220539e-15,0.17982566636055708,,,0.3831999897956848,0.5388999581336975,0.6484999656677246,0.4784748046875
531b70f1,yago3-10,complex,0,search,negative_sampling,valid,295,,,,mean_reciprocal_rank_filtered_with_test,0.48317080078125,00001,97234f03,/work-ceph/nluedema/kge/local/experiments/yago3-10/20210220-140228-yago3-10-literale-text-numeric-best,77.52959418296814,44503276,4096,Adagrad,0.11839446651250461,0,36,227,256,lp,1.2309300088570125e-17,-0.4534080298617482,8.939008996824718e-17,-0.27208285592496395,1,80,2,4,relu,lp,1.955680913822461e-12,-0.4940166799351573,z-score,0,tanh,lp,0.0,0.0,,,,,,,,5.024150724220539e-15,0.17982566636055708,,,0.38999998569488525,0.54339998960495,0.6492999792098999,0.48317080078125
531b70f1,yago3-10,complex,0,search,negative_sampling,valid,290,,,,mean_reciprocal_rank_filtered_with_test,0.48494130859375,00002,6e53a72c,/work-ceph/nluedema/kge/local/experiments/yago3-10/20210220-140228-yago3-10-literale-text-numeric-best,68.39742255210876,44503276,4096,Adagrad,0.11839446651250461,0,36,227,256,lp,1.2309300088570125e-17,-0.4534080298617482,8.939008996824718e-17,-0.27208285592496395,1,80,2,4,relu,lp,1.955680913822461e-12,-0.4940166799351573,z-score,0,tanh,lp,0.0,0.0,,,,,,,,5.024150724220539e-15,0.17982566636055708,,,0.39249998331069946,0.5442999601364136,0.6473000049591064,0.48494130859375
531b70f1,yago3-10,complex,0,search,negative_sampling,valid,300,,,,mean_reciprocal_rank_filtered_with_test,0.4774701171875,00003,2565e591,/work-ceph/nluedema/kge/local/experiments/yago3-10/20210220-140228-yago3-10-literale-text-numeric-best,63.57866144180298,44503276,4096,Adagrad,0.11839446651250461,0,36,227,256,lp,1.2309300088570125e-17,-0.4534080298617482,8.939008996824718e-17,-0.27208285592496395,1,80,2,4,relu,lp,1.955680913822461e-12,-0.4940166799351573,z-score,0,tanh,lp,0.0,0.0,,,,,,,,5.024150724220539e-15,0.17982566636055708,,,0.37849998474121094,0.5428000092506409,0.6488999724388123,0.4774701171875
531b70f1,yago3-10,complex,0,search,negative_sampling,valid,285,,,,mean_reciprocal_rank_filtered_with_test,0.48058212890625,00004,d4f7fa3e,/work-ceph/nluedema/kge/local/experiments/yago3-10/20210220-140228-yago3-10-literale-text-numeric-best,16.688327074050903,44503276,4096,Adagrad,0.11839446651250461,0,36,227,256,lp,1.2309300088570125e-17,-0.4534080298617482,8.939008996824718e-17,-0.27208285592496395,1,80,2,4,relu,lp,1.955680913822461e-12,-0.4940166799351573,z-score,0,tanh,lp,0.0,0.0,,,,,,,,5.024150724220539e-15,0.17982566636055708,,,0.38339999318122864,0.5443999767303467,0.647599995136261,0.48058212890625
af09dc00,yago3-10,dkrl_model,0,search,negative_sampling,valid,195,,,,mean_reciprocal_rank_filtered_with_test,0.46439482421875,00001,29118ac8,/work-ceph/nluedema/kge/local/experiments/yago3-10/20210221-022409-yago3-10-dkrl-numeric-best,45.51238703727722,31611392,2048,Adagrad,0.30088399275202843,2,300,231,256,,5.056118735694466e-05,-0.1909078387543559,0.05222184524283769,-0.05986418016254902,,,,,,,,,z-score,2,tanh,,7.986546397767607e-19,-0.1041095769032836,,,,,,,,,0.0,,0.40874694008380175,0.3889999985694885,0.5080999732017517,0.6031000018119812,0.46439482421875
af09dc00,yago3-10,dkrl_model,0,search,negative_sampling,valid,230,,,,mean_reciprocal_rank_filtered_with_test,0.471087060546875,00000,ca036dc6,/work-ceph/nluedema/kge/local/experiments/yago3-10/20210221-022409-yago3-10-dkrl-numeric-best,72.69836235046387,31611392,2048,Adagrad,0.30088399275202843,2,300,231,256,,5.056118735694466e-05,-0.1909078387543559,0.05222184524283769,-0.05986418016254902,,,,,,,,,z-score,2,tanh,,7.986546397767607e-19,-0.1041095769032836,,,,,,,,,0.0,,0.40874694008380175,0.39489999413490295,0.5166000127792358,0.6096999645233154,0.471087060546875
af09dc00,yago3-10,dkrl_model,0,search,negative_sampling,valid,240,,,,mean_reciprocal_rank_filtered_with_test,0.468094140625,00002,bca82016,/work-ceph/nluedema/kge/local/experiments/yago3-10/20210221-022409-yago3-10-dkrl-numeric-best,18.591307401657104,31611392,2048,Adagrad,0.30088399275202843,2,300,231,256,,5.056118735694466e-05,-0.1909078387543559,0.05222184524283769,-0.05986418016254902,,,,,,,,,z-score,2,tanh,,7.986546397767607e-19,-0.1041095769032836,,,,,,,,,0.0,,0.40874694008380175,0.3928000032901764,0.51419997215271,0.6028000116348267,0.468094140625
af09dc00,yago3-10,dkrl_model,0,search,negative_sampling,valid,295,,,,mean_reciprocal_rank_filtered_with_test,0.467691943359375,00003,bd4ac840,/work-ceph/nluedema/kge/local/experiments/yago3-10/20210221-022409-yago3-10-dkrl-numeric-best,47.83729696273804,31611392,2048,Adagrad,0.30088399275202843,2,300,231,256,,5.056118735694466e-05,-0.1909078387543559,0.05222184524283769,-0.05986418016254902,,,,,,,,,z-score,2,tanh,,7.986546397767607e-19,-0.1041095769032836,,,,,,,,,0.0,,0.40874694008380175,0.39419999718666077,0.5095999836921692,0.6039999723434448,0.467691943359375
af09dc00,yago3-10,dkrl_model,0,search,negative_sampling,valid,300,,,,mean_reciprocal_rank_filtered_with_test,0.46725283203125,00004,9bb0375a,/work-ceph/nluedema/kge/local/experiments/yago3-10/20210221-022409-yago3-10-dkrl-numeric-best,10.760831356048584,31611392,2048,Adagrad,0.30088399275202843,2,300,231,256,,5.056118735694466e-05,-0.1909078387543559,0.05222184524283769,-0.05986418016254902,,,,,,,,,z-score,2,tanh,,7.986546397767607e-19,-0.1041095769032836,,,,,,,,,0.0,,0.40874694008380175,0.39559999108314514,0.5065999627113342,0.599399983882904,0.46725283203125
6e0ecf26,yago3-10,complex,0,search,negative_sampling,valid,300,,,,mean_reciprocal_rank_filtered_with_test,0.459660595703125,00000,54cf294f,/work-ceph/nluedema/kge/local/experiments/yago3-10/20210222-002327-yago3-10-literale-numeric-best,42.055070638656616,31678208,2048,Adagrad,0.04345711041427669,2,34,168,256,,5.102579354669451e-05,-0.37444345094263554,0.04376536534380781,-0.4163048155605793,,,,,,,,,z-score,0,tanh,lp,0.0,0.0,,,,,,,,6.750545445808765e-12,-0.0492409598082304,,,0.36629998683929443,0.517300009727478,0.6290000081062317,0.459660595703125
6e0ecf26,yago3-10,complex,0,search,negative_sampling,valid,300,,,,mean_reciprocal_rank_filtered_with_test,0.4637078125,00001,2b309b6e,/work-ceph/nluedema/kge/local/experiments/yago3-10/20210222-002327-yago3-10-literale-numeric-best,54.21440601348877,31678208,2048,Adagrad,0.04345711041427669,2,34,168,256,,5.102579354669451e-05,-0.37444345094263554,0.04376536534380781,-0.4163048155605793,,,,,,,,,z-score,0,tanh,lp,0.0,0.0,,,,,,,,6.750545445808765e-12,-0.0492409598082304,,,0.3716999888420105,0.519599974155426,0.6306999921798706,0.4637078125
6e0ecf26,yago3-10,complex,0,search,negative_sampling,valid,295,,,,mean_reciprocal_rank_filtered_with_test,0.4556306640625,00002,587b0f35,/work-ceph/nluedema/kge/local/experiments/yago3-10/20210222-002327-yago3-10-literale-numeric-best,22.60655689239502,31678208,2048,Adagrad,0.04345711041427669,2,34,168,256,,5.102579354669451e-05,-0.37444345094263554,0.04376536534380781,-0.4163048155605793,,,,,,,,,z-score,0,tanh,lp,0.0,0.0,,,,,,,,6.750545445808765e-12,-0.0492409598082304,,,0.3643999993801117,0.5113999843597412,0.625499963760376,0.4556306640625
6e0ecf26,yago3-10,complex,0,search,negative_sampling,valid,300,,,,mean_reciprocal_rank_filtered_with_test,0.4566611328125,00003,a5342a17,/work-ceph/nluedema/kge/local/experiments/yago3-10/20210222-002327-yago3-10-literale-numeric-best,10.213707685470581,31678208,2048,Adagrad,0.04345711041427669,2,34,168,256,,5.102579354669451e-05,-0.37444345094263554,0.04376536534380781,-0.4163048155605793,,,,,,,,,z-score,0,tanh,lp,0.0,0.0,,,,,,,,6.750545445808765e-12,-0.0492409598082304,,,0.3628999888896942,0.5167999863624573,0.6247999668121338,0.4566611328125
6e0ecf26,yago3-10,complex,0,search,negative_sampling,valid,300,,,,mean_reciprocal_rank_filtered_with_test,0.456081494140625,00004,dcad98b7,/work-ceph/nluedema/kge/local/experiments/yago3-10/20210222-002327-yago3-10-literale-numeric-best,9.080711603164673,31678208,2048,Adagrad,0.04345711041427669,2,34,168,256,,5.102579354669451e-05,-0.37444345094263554,0.04376536534380781,-0.4163048155605793,,,,,,,,,z-score,0,tanh,lp,0.0,0.0,,,,,,,,6.750545445808765e-12,-0.0492409598082304,,,0.3653999865055084,0.5083000063896179,0.6268999576568604,0.456081494140625
5d627dab,yago3-10-numeric,complex,0,search,negative_sampling,valid,195,,,,mean_reciprocal_rank_filtered_with_test,0.467383740234375,00000,c503a803,/work-ceph/nluedema/kge-mkbe/local/experiments/yago3-10/20210222-140238-yago3-10-mkbe-numeric-best,68.03410935401917,31611648,2048,Adagrad,0.30088399275202843,2,300,231,256,,5.056118735694466e-05,-0.1909078387543559,0.05222184524283769,-0.05986418016254902,,,,,,,,,,,,,,,z-score,2,tanh,,7.986546397767607e-19,-0.1041095769032836,,,0.0,,0.8174938801676035,0.3822999894618988,0.5231999754905701,0.6241999864578247,0.467383740234375
5d627dab,yago3-10-numeric,complex,0,search,negative_sampling,valid,240,,,,mean_reciprocal_rank_filtered_with_test,0.438581640625,00001,0f07083e,/work-ceph/nluedema/kge-mkbe/local/experiments/yago3-10/20210222-140238-yago3-10-mkbe-numeric-best,50.03468608856201,31611648,2048,Adagrad,0.30088399275202843,2,300,231,256,,5.056118735694466e-05,-0.1909078387543559,0.05222184524283769,-0.05986418016254902,,,,,,,,,,,,,,,z-score,2,tanh,,7.986546397767607e-19,-0.1041095769032836,,,0.0,,0.8174938801676035,0.34929999709129333,0.4878000020980835,0.6121000051498413,0.438581640625
5d627dab,yago3-10-numeric,complex,0,search,negative_sampling,valid,200,,,,mean_reciprocal_rank_filtered_with_test,0.4469177734375,00002,f6887d9a,/work-ceph/nluedema/kge-mkbe/local/experiments/yago3-10/20210222-140238-yago3-10-mkbe-numeric-best,68.73114514350891,31611648,2048,Adagrad,0.30088399275202843,2,300,231,256,,5.056118735694466e-05,-0.1909078387543559,0.05222184524283769,-0.05986418016254902,,,,,,,,,,,,,,,z-score,2,tanh,,7.986546397767607e-19,-0.1041095769032836,,,0.0,,0.8174938801676035,0.3569999933242798,0.5013999938964844,0.6179999709129333,0.4469177734375
5d627dab,yago3-10-numeric,complex,0,search,negative_sampling,valid,185,,,,mean_reciprocal_rank_filtered_with_test,0.437086572265625,00003,e1ca8d5b,/work-ceph/nluedema/kge-mkbe/local/experiments/yago3-10/20210222-140238-yago3-10-mkbe-numeric-best,52.50950074195862,31611648,2048,Adagrad,0.30088399275202843,2,300,231,256,,5.056118735694466e-05,-0.1909078387543559,0.05222184524283769,-0.05986418016254902,,,,,,,,,,,,,,,z-score,2,tanh,,7.986546397767607e-19,-0.1041095769032836,,,0.0,,0.8174938801676035,0.34759998321533203,0.4869999885559082,0.6132000088691711,0.437086572265625
5d627dab,yago3-10-numeric,complex,0,search,negative_sampling,valid,190,,,,mean_reciprocal_rank_filtered_with_test,0.431879052734375,00004,005d7a8d,/work-ceph/nluedema/kge-mkbe/local/experiments/yago3-10/20210222-140238-yago3-10-mkbe-numeric-best,18.447092533111572,31611648,2048,Adagrad,0.30088399275202843,2,300,231,256,,5.056118735694466e-05,-0.1909078387543559,0.05222184524283769,-0.05986418016254902,,,,,,,,,,,,,,,z-score,2,tanh,,7.986546397767607e-19,-0.1041095769032836,,,0.0,,0.8174938801676035,0.3393999934196472,0.48589998483657837,0.6060999631881714,0.431879052734375
ae0efd0f,yago3-10,dkrl_model,0,search,negative_sampling,valid,295,,,,mean_reciprocal_rank_filtered_with_test,0.489239208984375,00001,b6d98ca7,/work-ceph/nluedema/kge/local/experiments/yago3-10/20210224-191228-yago3-10-dkrl-text-best,34.460160970687866,44238060,4096,Adagrad,0.027077759859301997,0,26,157,256,lp,5.186870803528343e-18,-0.2676522396504879,1.1255228251676641e-13,-0.15795500297099352,1,80,2,4,relu,lp,2.5878145996293053e-15,-0.11385075934231281,,,,,,,,,,,,,,,0.0,0.4898811699822545,,0.4016999900341034,0.5418999791145325,0.6520999670028687,0.489239208984375
ae0efd0f,yago3-10,dkrl_model,0,search,negative_sampling,valid,300,,,,mean_reciprocal_rank_filtered_with_test,0.458188427734375,00000,b1b06399,/work-ceph/nluedema/kge/local/experiments/yago3-10/20210224-191228-yago3-10-dkrl-text-best,35.02892351150513,44238060,4096,Adagrad,0.027077759859301997,0,26,157,256,lp,5.186870803528343e-18,-0.2676522396504879,1.1255228251676641e-13,-0.15795500297099352,1,80,2,4,relu,lp,2.5878145996293053e-15,-0.11385075934231281,,,,,,,,,,,,,,,0.0,0.4898811699822545,,0.3594000041484833,0.5166999697685242,0.6417999863624573,0.458188427734375
ae0efd0f,yago3-10,dkrl_model,0,search,negative_sampling,valid,285,,,,mean_reciprocal_rank_filtered_with_test,0.480005712890625,00002,a05e745e,/work-ceph/nluedema/kge/local/experiments/yago3-10/20210224-191228-yago3-10-dkrl-text-best,33.006417751312256,44238060,4096,Adagrad,0.027077759859301997,0,26,157,256,lp,5.186870803528343e-18,-0.2676522396504879,1.1255228251676641e-13,-0.15795500297099352,1,80,2,4,relu,lp,2.5878145996293053e-15,-0.11385075934231281,,,,,,,,,,,,,,,0.0,0.4898811699822545,,0.3887999951839447,0.5356999635696411,0.6466000080108643,0.480005712890625
ae0efd0f,yago3-10,dkrl_model,0,search,negative_sampling,valid,300,,,,mean_reciprocal_rank_filtered_with_test,0.468106201171875,00003,37346249,/work-ceph/nluedema/kge/local/experiments/yago3-10/20210224-191228-yago3-10-dkrl-text-best,34.0078649520874,44238060,4096,Adagrad,0.027077759859301997,0,26,157,256,lp,5.186870803528343e-18,-0.2676522396504879,1.1255228251676641e-13,-0.15795500297099352,1,80,2,4,relu,lp,2.5878145996293053e-15,-0.11385075934231281,,,,,,,,,,,,,,,0.0,0.4898811699822545,,0.37359997630119324,0.5256999731063843,0.6417999863624573,0.468106201171875
ae0efd0f,yago3-10,dkrl_model,0,search,negative_sampling,valid,300,,,,mean_reciprocal_rank_filtered_with_test,0.49159052734375,00004,76e3076f,/work-ceph/nluedema/kge/local/experiments/yago3-10/20210224-191228-yago3-10-dkrl-text-best,17.590092658996582,44238060,4096,Adagrad,0.027077759859301997,0,26,157,256,lp,5.186870803528343e-18,-0.2676522396504879,1.1255228251676641e-13,-0.15795500297099352,1,80,2,4,relu,lp,2.5878145996293053e-15,-0.11385075934231281,,,,,,,,,,,,,,,0.0,0.4898811699822545,,0.400299996137619,0.5483999848365784,0.6565999984741211,0.49159052734375
